patient_id,corr,progression
PAT001,0.8382454749981674,1
PAT002,0.5566965922635053,0
PAT003,0.758828625069702,0
PAT004,0.8333800348921168,1
PAT005,0.8679894876222558,1
PAT006,0.8047454762833153,1
PAT007,0.8595064112304113,1
PAT008,0.7274701796696283,0
PAT009,0.7657546489947529,0
PAT010,0.8466303158681734,0
